{"epoch":4999,"loss_ubcr":7.65917866374366e-06,"loss_computation_time":0.016466617584228516,"loss_ubcu":8.341797183675226e-06,"test_loss":0.7456192856200481,"loss_ubcl":6.052080152585404e-07,"learning_rate":7.69449752767131e-05,"loss_ubcd":1.113589519263769e-06,"_wandb":{"runtime":278},"_runtime":278.75528092,"_step":5003,"loss_elliptic":1.154598703578813e-05,"_timestamp":1.7519730803583748e+09,"train_loss":2.9265760531416163e-05}