{"loss_ubcu":8.341797183675226e-06,"_timestamp":1.751973751468023e+09,"loss_ubcd":1.113589519263769e-06,"loss_ubcl":6.052080152585404e-07,"epoch":4999,"_runtime":288.557313143,"loss_elliptic":1.154598703578813e-05,"train_loss":2.9265760531416163e-05,"test_loss":0.029391658185938564,"_step":5003,"loss_computation_time":0.06296324729919434,"learning_rate":7.69449752767131e-05,"loss_ubcr":7.65917866374366e-06,"_wandb":{"runtime":288}}