{"loss_elliptic":3.0738340228708694e-06,"_runtime":1195.810317787,"loss_ubcd":2.7282126779937244e-07,"loss_ubcu":6.859404948045267e-06,"epoch":4999,"test_loss":0.7469118267033079,"learning_rate":7.69449752767131e-05,"loss_computation_time":0.014463663101196289,"loss_ubcl":2.1160535368380806e-07,"loss_ubcr":5.8658310990722384e-06,"_wandb":{"runtime":1195},"_timestamp":1.7519260121457524e+09,"_step":5003,"train_loss":1.628349673410412e-05}