{
    "train": 1571.9669439075515,
    "deepgala": 52.459988651797175,
    "nn_mcmc": 790.1945280963555,
    "nn_da": 1927.6336397770792,
    "dgala_mcmc": 2590.9212860940024,
    "dgala_da": 2372.980362026021
}