{
    "train": 816.2408827878535,
    "deepgala": 15.185266284272075,
    "nn_mcmc": 789.7095972374082,
    "nn_da": 1911.9621727159247,
    "dgala_mcmc": 2518.458512467332,
    "dgala_da": 2327.5574746523052
}