{
    "train": 543.1837335331365,
    "deepgala": 1.1282549481838942,
    "nn_mcmc": 700.3912168443203,
    "nn_da": 1870.6007855460048,
    "dgala_mcmc": 2603.960097838193,
    "dgala_da": 2185.293506840244
}