{
    "train": 700.9287797799334,
    "deepgala": 1.3123301761224866,
    "nn_mcmc": 578.4757801974192,
    "nn_da": 1426.9158784151077,
    "dgala_mcmc": 1520.233822632581,
    "dgala_da": 1763.8859492996708
}