{
    "dgala_mcmc": 2204.307881604007,
    "dgala_da": 3192.399863045983
}