{
    "dgala_mcmc": 1943.1698084300006,
    "dgala_da": 2834.3572689350112
}