{
    "gp_mean_mcmc": 184.49287807400106,
    "gp_mean_da": 569.7209573120053
}