{
    "gp_mean_mcmc": 140.7678192500025,
    "gp_mean_da": 600.0835330089903
}