{
    "dgala_mcmc": 1876.114669483999,
    "dgala_da": 2936.081875518008
}