{
    "gp_mean_mcmc": 186.80769811899518,
    "gp_mean_da": 579.4285001819953
}