{
    "data_gen": 0.7876933910010848,
    "train": 548.4696409479948,
    "gp_mean_mcmc": 195.63713503300096,
    "gp_mean_da": 614.4233716510062
}