{
    "data_gen": 1.4956893350172322,
    "train": 2984.29010909301,
    "gp_mean_mcmc": 203.3499797070108,
    "gp_mean_da": 582.9520229909976
}