{
    "gp_mean_mcmc": 248.10949901900312,
    "gp_mean_da": 572.8688564259937
}