{
    "data_gen": 0.8159456340072211,
    "train": 817.115583227991,
    "gp_mean_mcmc": 201.0562492750032,
    "gp_mean_da": 592.3009997000045
}