{
    "data_gen": 1.3402472629968543,
    "train": 2706.7744676580187,
    "gp_mean_mcmc": 201.6308625160018,
    "gp_mean_da": 577.1207742770202
}