{
    "data_gen": 0.859795391006628,
    "train": 870.8158674339938,
    "gp_mean_mcmc": 181.22862956899917,
    "gp_mean_da": 573.4522270660091
}