{
    "data_gen": 1.493962553999154,
    "train": 2462.762290379993,
    "gp_mean_mcmc": 205.05185232899385,
    "gp_mean_da": 576.9237277829961
}