{
    "data_gen": 0.6800762950006174,
    "train": 603.2360152639958,
    "gp_mean_mcmc": 194.00634456999978,
    "gp_mean_da": 582.8400967129928
}