{
    "gp_mean_mcmc": 174.88834841400967,
    "gp_mean_da": 1155.37894246199
}