{
    "nn_mcmc": 159.00270291700008,
    "nn_da": 593.7676022149999
}