{
    "gp_mean_mcmc": 185.16210537601728,
    "gp_mean_da": 572.8628755089885
}