{
    "kl_3_75": {
        "post_eval": [
            0.8218,
            0.004495086206069916
        ],
        "m_error": [
            0.003922034285572773,
            0.00021275995575690724
        ]
    },
    "kl_3_50": {
        "post_eval": [
            0.79596,
            0.022548707280019422
        ],
        "m_error": [
            0.007408961496582525,
            0.0004970993105979185
        ]
    },
    "kl_3_25": {
        "post_eval": [
            0.8191849999999999,
            0.020690212057878937
        ],
        "m_error": [
            0.013240126199606805,
            0.0011171633089919726
        ]
    },
    "kl_5_100": {
        "post_eval": [
            0.879165,
            0.021529860078504947
        ],
        "m_error": [
            0.011099689946426967,
            0.002281493548112667
        ]
    },
    "kl_4_100": {
        "post_eval": [
            0.6758099999999999,
            0.02923807620210331
        ],
        "m_error": [
            0.016935665291701145,
            0.0014978928197040473
        ]
    },
    "kl_2_50": {
        "post_eval": [
            0.93551,
            0.0011462547709824224
        ],
        "m_error": [
            0.0011403134365418233,
            1.3166235691985745e-06
        ]
    },
    "kl_5_90": {
        "post_eval": [
            0.80474,
            0.11501641274183437
        ],
        "m_error": [
            0.013879581410618083,
            0.002713336139437611
        ]
    },
    "kl_2_40": {
        "post_eval": [
            0.9428399999999999,
            0.0009007774419910779
        ],
        "m_error": [
            0.0010225553772503155,
            4.0832546391440236e-07
        ]
    },
    "kl_5_75": {
        "post_eval": [
            0.8277950000000001,
            0.017907268775555936
        ],
        "m_error": [
            0.01894820909211261,
            0.0033584450814538205
        ]
    },
    "kl_2_5": {
        "post_eval": [
            0.023755,
            0.0010017359931638681
        ],
        "m_error": [
            0.23619194045365643,
            3.763438792694616e-05
        ]
    },
    "kl_5_50": {
        "post_eval": [
            0.741875,
            0.007801171386400895
        ],
        "m_error": [
            0.007389231377968591,
            0.0009194651000629019
        ]
    },
    "kl_5_25": {
        "post_eval": [
            0.44616,
            0.03785097356739981
        ],
        "m_error": [
            0.03048218064603487,
            0.0015316019875092027
        ]
    },
    "kl_2_25": {
        "post_eval": [
            0.9280250000000001,
            0.0015032215405587797
        ],
        "m_error": [
            0.0013841150725723804,
            8.12150962870602e-07
        ]
    },
    "kl_4_90": {
        "post_eval": [
            0.6811050000000001,
            0.02776251564610093
        ],
        "m_error": [
            0.016622162440209177,
            0.001491741689047732
        ]
    },
    "kl_4_75": {
        "post_eval": [
            0.7501899999999999,
            0.04446057691933384
        ],
        "m_error": [
            0.016017980587836416,
            0.0014831311360630928
        ]
    },
    "kl_4_50": {
        "post_eval": [
            0.5912200000000001,
            0.05753325820775317
        ],
        "m_error": [
            0.025473086495179115,
            0.002325645509486148
        ]
    },
    "kl_4_25": {
        "post_eval": [
            0.31026,
            0.13567961453365054
        ],
        "m_error": [
            0.03869783597944994,
            0.0022978999519741904
        ]
    },
    "kl_3_100": {
        "post_eval": [
            0.83755,
            0.008346813763347052
        ],
        "m_error": [
            0.003317383676019863,
            0.00013179822110400934
        ]
    },
    "kl_3_90": {
        "post_eval": [
            0.835445,
            0.0071448355474426255
        ],
        "m_error": [
            0.0033997215731770857,
            0.00012944684217159298
        ]
    }
}