{
    "kl_3_50": {
        "post_eval": [
            0.826385,
            0.0043464554524347805
        ],
        "m_error": [
            0.003725487256160309,
            0.00010257597088333002
        ]
    },
    "kl_5_15": {
        "post_eval": [
            0.09877,
            0.005243672377256231
        ],
        "m_error": [
            0.06932775061488325,
            0.004323534044412415
        ]
    },
    "kl_2_50": {
        "post_eval": [
            0.5985750000000001,
            0.01305951281633431
        ],
        "m_error": [
            0.007824360970622286,
            1.935365541854885e-05
        ]
    },
    "kl_4_25": {
        "post_eval": [
            0.42567,
            0.048219700330881354
        ],
        "m_error": [
            0.0180108185108712,
            0.0006555349292148681
        ]
    },
    "kl_5_75": {
        "post_eval": [
            0.7675749999999999,
            0.03844897235297714
        ],
        "m_error": [
            0.010686129916910505,
            0.0011579024519021619
        ]
    },
    "kl_3_25": {
        "post_eval": [
            0.658775,
            0.007309314263321831
        ],
        "m_error": [
            0.007987393632007525,
            0.00011927469008108819
        ]
    },
    "kl_5_5": {
        "post_eval": [
            0.03457,
            0.012845080770473964
        ],
        "m_error": [
            0.6165823326622427,
            0.006841688022541523
        ]
    },
    "kl_2_25": {
        "post_eval": [
            0.922335,
            0.0005294100490168411
        ],
        "m_error": [
            0.0014404803486538957,
            7.366971614368821e-07
        ]
    },
    "kl_4_15": {
        "post_eval": [
            0.23851499999999998,
            0.09819147455354767
        ],
        "m_error": [
            0.061610999499866564,
            0.0036902586853738576
        ]
    },
    "kl_5_50": {
        "post_eval": [
            0.684015,
            0.06881127142409156
        ],
        "m_error": [
            0.011115775144758845,
            0.000602824622538513
        ]
    },
    "kl_2_15": {
        "post_eval": [
            0.8670000000000001,
            0.0014688771221582745
        ],
        "m_error": [
            0.0025233806667022893,
            5.797335796926229e-07
        ]
    },
    "kl_2_5": {
        "post_eval": [
            0.024354999999999998,
            0.00126351691717998
        ],
        "m_error": [
            0.19832643636628414,
            1.9020465951112977e-05
        ]
    },
    "kl_3_15": {
        "post_eval": [
            0.39813,
            0.03267345252647782
        ],
        "m_error": [
            0.01895818890465842,
            0.00048496552773835694
        ]
    },
    "kl_4_75": {
        "post_eval": [
            0.840445,
            0.0019648091510373533
        ],
        "m_error": [
            0.0030183967143370153,
            4.162689042926118e-05
        ]
    },
    "kl_4_5": {
        "post_eval": [
            0.046515,
            0.004002108819110245
        ],
        "m_error": [
            0.587664288146303,
            0.02171201470128394
        ]
    },
    "kl_5_25": {
        "post_eval": [
            0.56976,
            0.06648994510450433
        ],
        "m_error": [
            0.015711546600647868,
            0.0009970113184576154
        ]
    },
    "kl_3_5": {
        "post_eval": [
            0.035280000000000006,
            0.0012504399225872465
        ],
        "m_error": [
            0.40168728336312065,
            0.01220572152762338
        ]
    },
    "kl_4_50": {
        "post_eval": [
            0.8416299999999999,
            0.006616290501481914
        ],
        "m_error": [
            0.004246393129484464,
            0.00020659217348806548
        ]
    }
}