{"loss_computation_time":0.02288985252380371,"train_loss":0.00018032673688139766,"_runtime":50.358225768,"test_loss":0.7409657723601748,"_timestamp":1.7519253926431496e+09,"learning_rate":0.001,"_wandb":{"runtime":50},"epoch":1000,"_step":1001,"loss_ubcd":6.8399363044591155e-06,"loss_ubcr":5.938719550613314e-05,"loss_elliptic":5.6338565627811477e-05,"loss_ubcu":5.2883216994814575e-05,"loss_ubcl":4.877819264947902e-06}